<?xml version="1.0"?>
<doc>
    <assembly>
        <name>SpreadsheetUtilities</name>
    </assembly>
    <members>
        <member name="T:SpreadsheetUtilities.DependencyGraph">
            <summary>
            A class that contains methods about generating, modifying and enumerating the 
            dependency of dependency graphs.
            </summary>
        </member>
        <member name="M:SpreadsheetUtilities.DependencyGraph.#ctor">
            <summary>
            Creates an empty DependencyGraph.
            </summary>
        </member>
        <member name="P:SpreadsheetUtilities.DependencyGraph.Size">
            <summary>
            Returns the number of ordered pairs in the DependencyGraph.
            </summary>
        </member>
        <member name="P:SpreadsheetUtilities.DependencyGraph.Item(System.String)">
            <summary>
            Returns the size of the set which contians all the dependees of the
            input string.
            </summary>
        </member>
        <member name="M:SpreadsheetUtilities.DependencyGraph.HasDependents(System.String)">
            <summary>
            Reports whether the input string has any dependents.
            </summary>
        </member>
        <member name="M:SpreadsheetUtilities.DependencyGraph.HasDependees(System.String)">
            <summary>
            Reports whether s has any dependees.
            </summary>
        </member>
        <member name="M:SpreadsheetUtilities.DependencyGraph.GetDependents(System.String)">
            <summary>
            Enumerates the dependents of s.
            </summary>
        </member>
        <member name="M:SpreadsheetUtilities.DependencyGraph.GetDependees(System.String)">
            <summary>
            Enumerates the dependees of s.
            </summary>
        </member>
        <member name="M:SpreadsheetUtilities.DependencyGraph.AddDependency(System.String,System.String)">
            <summary>
            Adds the ordered pair (s,t), though of as
            t depends on s, to the dependency graph
            </summary>
            <param name="s"> s must be evaluated first. T depends on S</param>
            <param name="t"> t cannot be evaluated until s is</param>        /// 
        </member>
        <member name="M:SpreadsheetUtilities.DependencyGraph.RemoveDependency(System.String,System.String)">
            <summary>
            Removes the ordered pair (s,t), if it exists
            </summary>
            <param name="s"></param>
            <param name="t"></param>
        </member>
        <member name="M:SpreadsheetUtilities.DependencyGraph.ReplaceDependents(System.String,System.Collections.Generic.IEnumerable{System.String})">
            <summary>
            Removes all existing ordered pairs of the form (s,r).  Then, for each
            t in newDependents, adds the ordered pair (s,t).
            </summary>
        </member>
        <member name="M:SpreadsheetUtilities.DependencyGraph.ReplaceDependees(System.String,System.Collections.Generic.IEnumerable{System.String})">
            <summary>
            Removes all existing ordered pairs of the form (r,s).  Then, for each 
            t in newDependees, adds the ordered pair (t,s).
            </summary>
        </member>
    </members>
</doc>
